match_id,queue_id,game_duration_sec,game_creation,summoner_name,puuid,team_id,win,champion_name,role,lane,kills,deaths,assists,total_minions_killed,neutral_minions_killed,gold_earned,damage_to_champions,vision_score,kda,cs,game_minutes,cs_per_min,team_kills,team_gold,team_damage_to_champions,team_vision_score,kill_participation,damage_share,gold_share,vision_per_min,z_damage_share,z_kill_participation,z_cs_per_min,z_vision_per_min,impact_score,impact_rank_on_team,p_win_10min,bucket
NA1_5445439464,420,1805,1766530766536,,eodARsxRW0IKSrcQ1iLWQ1FeVMZ9xbFlSfoGupTEr_3oOb8niLV2Cf5qbo_o7rzzFCnI7iXhumNwTA,100,False,Heimerdinger,TOP,JUNGLE,5,5,3,221,0,13456,36045,22,1.6,221,30.083333333333332,7.346260387811634,28,54529,120602,138,0.2857142857142857,0.2988756405366412,0.2467677749454419,0.7313019390581718,0.6394637189303323,-0.4777231813327554,0.9686995150860168,1.0680181258207937,0.4294720385793732,1.0,0.8452863338743819,UNLUCKY LOSS (high exp)
NA1_5447465814,420,1528,1766730136461,,eodARsxRW0IKSrcQ1iLWQ1FeVMZ9xbFlSfoGupTEr_3oOb8niLV2Cf5qbo_o7rzzFCnI7iXhumNwTA,100,False,Ekko,MIDDLE,MIDDLE,5,4,3,143,0,10236,18715,12,2.0,143,25.466666666666665,5.615183246073299,18,45305,65963,102,0.4444444444444444,0.2837196610220881,0.2259353272265754,0.4712041884816754,0.6449005609201456,0.1447828199825982,-0.1212396162478611,-0.6010678132659114,0.178733356928274,3.0,0.2367538205593382,NORMAL
NA1_5451700069,420,1590,1767155525794,,eodARsxRW0IKSrcQ1iLWQ1FeVMZ9xbFlSfoGupTEr_3oOb8niLV2Cf5qbo_o7rzzFCnI7iXhumNwTA,100,True,Sett,TOP,TOP,3,5,9,170,0,11747,23512,12,2.4,170,26.5,6.415094339622642,48,58777,114609,126,0.25,0.2051496828346814,0.199857086955782,0.4528301886792453,-0.3997205654297018,-0.6743390588359172,0.3392526421100631,-0.2341304900348114,-0.2808038040271362,5.0,0.8388866872491024,NORMAL
NA1_5451312944,420,1384,1767129433803,,eodARsxRW0IKSrcQ1iLWQ1FeVMZ9xbFlSfoGupTEr_3oOb8niLV2Cf5qbo_o7rzzFCnI7iXhumNwTA,100,True,Ekko,MIDDLE,MIDDLE,15,4,6,162,0,13405,30152,12,5.25,162,23.066666666666663,7.023121387283237,49,56244,108374,84,0.4285714285714285,0.2782217136951667,0.2383365336747031,0.5202312138728324,0.5817429260302679,0.0514635058830474,0.9698577099899718,-0.3996620745790342,0.4215472959150975,1.0,0.8044303479768715,NORMAL
NA1_5451336236,420,1834,1767131422537,,eodARsxRW0IKSrcQ1iLWQ1FeVMZ9xbFlSfoGupTEr_3oOb8niLV2Cf5qbo_o7rzzFCnI7iXhumNwTA,200,False,Ekko,MIDDLE,MIDDLE,5,6,4,203,0,10786,22888,20,1.5,203,30.566666666666663,6.641221374045801,20,51751,99922,150,0.45,0.2290586657592922,0.2084210933122065,0.6543075245365323,0.0169827260910358,0.1774445799174411,0.6739000459867303,0.1511308436979194,0.2427654239735694,3.0,0.122420317155441,NORMAL
NA1_5452074766,420,2063,1767204724074,,eodARsxRW0IKSrcQ1iLWQ1FeVMZ9xbFlSfoGupTEr_3oOb8niLV2Cf5qbo_o7rzzFCnI7iXhumNwTA,100,False,Ekko,MIDDLE,MIDDLE,3,9,4,202,0,13004,22238,28,0.7777777777777778,202,34.38333333333333,5.874939408628212,23,65053,107257,133,0.3043478260869565,0.2073337870721724,0.1998985442639078,0.814348036839554,-0.2325816794152458,-0.6788615609829998,0.0800613117843205,0.808586141934924,-0.1841881139506634,5.0,0.4342004849085966,NORMAL
NA1_5452257761,420,1862,1767221675424,,eodARsxRW0IKSrcQ1iLWQ1FeVMZ9xbFlSfoGupTEr_3oOb8niLV2Cf5qbo_o7rzzFCnI7iXhumNwTA,200,True,Ekko,JUNGLE,JUNGLE,13,1,11,70,156,16649,23188,36,24.0,226,31.033333333333335,7.282491944146079,43,69606,142759,188,0.5581395348837209,0.1624275877527861,0.2391891503606011,1.1600429645542427,-0.1352394315081775,0.4426692165192076,1.1509168021930898,1.8207629404898913,0.5552724585251617,2.0,0.7156307005934992,NORMAL
NA1_5447858194,420,2560,1766786690286,,eodARsxRW0IKSrcQ1iLWQ1FeVMZ9xbFlSfoGupTEr_3oOb8niLV2Cf5qbo_o7rzzFCnI7iXhumNwTA,100,False,Ekko,JUNGLE,JUNGLE,8,10,7,113,151,17967,27479,34,1.5,264,42.666666666666664,6.1875,49,90918,196934,169,0.3061224489795918,0.1395340570952705,0.1976176334719197,0.796875,-0.469575367256556,-0.874428017501609,0.3362952830110745,0.4699807804209445,-0.2956078849954142,4.0,0.5820585699190217,NORMAL
NA1_5447424378,420,2297,1766727497165,,eodARsxRW0IKSrcQ1iLWQ1FeVMZ9xbFlSfoGupTEr_3oOb8niLV2Cf5qbo_o7rzzFCnI7iXhumNwTA,100,False,Ekko,MIDDLE,MIDDLE,9,9,4,245,8,16588,28519,27,1.4444444444444444,253,38.28333333333333,6.608619939050937,24,69345,114558,178,0.5416666666666666,0.2489481310777073,0.239209748359651,0.7052677405311276,0.2454628322179777,0.716363618842345,0.6486352012373406,0.3604782365724938,0.4990277008955802,2.0,0.2360043671176689,NORMAL
NA1_5443884161,420,1844,1766367183277,,eodARsxRW0IKSrcQ1iLWQ1FeVMZ9xbFlSfoGupTEr_3oOb8niLV2Cf5qbo_o7rzzFCnI7iXhumNwTA,100,True,Ekko,JUNGLE,JUNGLE,12,6,11,61,129,15158,34434,29,3.8333333333333335,190,30.733333333333334,6.182212581344902,41,64282,156164,137,0.5609756097560976,0.220498962629031,0.2358047353847111,0.9436008676789588,0.712831918861297,0.457491173357897,0.3323616969784153,1.0157191269313293,0.5714008605465598,1.0,0.3525388744259117,NORMAL
NA1_5450518048,420,1938,1767048976499,,eodARsxRW0IKSrcQ1iLWQ1FeVMZ9xbFlSfoGupTEr_3oOb8niLV2Cf5qbo_o7rzzFCnI7iXhumNwTA,100,True,Ekko,MIDDLE,MIDDLE,6,7,8,167,4,12579,26614,21,2.0,171,32.3,5.294117647058824,49,76950,149163,192,0.2857142857142857,0.178422262893613,0.1634697855750487,0.65015479876161,-0.5647026292173936,-0.7884103210129068,-0.3700529741490771,0.1340712159601713,-0.513275138471212,5.0,0.6488154718791577,NORMAL
NA1_5447833843,420,1811,1766784434238,,eodARsxRW0IKSrcQ1iLWQ1FeVMZ9xbFlSfoGupTEr_3oOb8niLV2Cf5qbo_o7rzzFCnI7iXhumNwTA,200,True,Ekko,MIDDLE,MIDDLE,5,3,11,165,0,12470,23408,23,5.333333333333333,165,30.183333333333337,5.466593042517946,47,66312,164575,152,0.3404255319148936,0.1422330244569345,0.1880504282784413,0.7620099392600772,-0.9804262751924272,-0.4667565149676475,-0.2363912476008225,0.5935783351108597,-0.4829161291967633,5.0,0.3540667892438293,NORMAL
NA1_5444176075,400,157,1766383827831,,eodARsxRW0IKSrcQ1iLWQ1FeVMZ9xbFlSfoGupTEr_3oOb8niLV2Cf5qbo_o7rzzFCnI7iXhumNwTA,200,False,Khazix,JUNGLE,NONE,0,0,0,0,8,788,468,1,0.0,8,2.6166666666666667,3.057324840764331,0,3586,1780,1,0.0,0.2629213483146067,0.2197434467373117,0.3821656050955413,1.3323662417687774,-2.474291889334804,-1.992404993876253,-1.0725067375447592,-0.8813113044049082,3.0,0.4690338018514641,NORMAL
NA1_5444627641,420,142,1766446711418,,eodARsxRW0IKSrcQ1iLWQ1FeVMZ9xbFlSfoGupTEr_3oOb8niLV2Cf5qbo_o7rzzFCnI7iXhumNwTA,200,True,Lux,MIDDLE,NONE,0,0,0,7,0,712,337,1,0.0,7,2.3666666666666667,2.9577464788732395,0,3440,712,1,0.0,0.473314606741573,0.2069767441860465,0.4225352112676056,2.8228712919388492,-2.4681579748048157,-2.18064980371983,-0.8010026701887736,-0.3777051582116823,1.0,0.5309030560281005,NORMAL
NA1_5447485694,420,3029,1766731974850,,eodARsxRW0IKSrcQ1iLWQ1FeVMZ9xbFlSfoGupTEr_3oOb8niLV2Cf5qbo_o7rzzFCnI7iXhumNwTA,100,True,Ekko,MIDDLE,MIDDLE,7,8,9,322,4,19922,44065,34,2.0,326,50.483333333333334,6.457576758005942,60,101675,224141,232,0.2666666666666666,0.1965950004684551,0.1959380378657487,0.6734896005282272,-0.3559434221072522,-0.9003934979323676,0.5315826076887178,0.229931875451968,-0.2388094076498723,5.0,0.4612621038808343,NORMAL
NA1_5451221917,420,2008,1767120060112,,eodARsxRW0IKSrcQ1iLWQ1FeVMZ9xbFlSfoGupTEr_3oOb8niLV2Cf5qbo_o7rzzFCnI7iXhumNwTA,100,False,Ekko,MIDDLE,MIDDLE,2,5,3,212,0,12487,22475,18,1.0,212,33.46666666666667,6.334661354581673,20,59667,93886,139,0.25,0.2393860639498966,0.2092781604572041,0.5378486055776892,0.1356186470084164,-0.9983787777368952,0.4363279483367009,-0.3272888526316808,-0.1756940050471157,3.0,0.3525589039172502,NORMAL
NA1_5445262210,420,1693,1766512339916,,eodARsxRW0IKSrcQ1iLWQ1FeVMZ9xbFlSfoGupTEr_3oOb8niLV2Cf5qbo_o7rzzFCnI7iXhumNwTA,100,False,Galio,MIDDLE,MIDDLE,2,4,13,149,4,8676,14293,25,3.75,153,28.216666666666665,5.42232722976964,24,49434,96163,105,0.625,0.1486330501336273,0.1755067362543998,0.8860011813349085,-0.9069060210068084,1.2062900178649854,-0.2706955316597197,1.1029412324423602,0.0870901383364187,3.0,0.4345065271903988,NORMAL
NA1_5443539939,420,2029,1766338524781,,eodARsxRW0IKSrcQ1iLWQ1FeVMZ9xbFlSfoGupTEr_3oOb8niLV2Cf5qbo_o7rzzFCnI7iXhumNwTA,200,False,Sylas,MIDDLE,MIDDLE,9,9,7,156,0,13080,25034,17,1.7777777777777777,156,33.81666666666667,4.613109906357812,34,63988,115254,124,0.4705882352941176,0.2172072118972009,0.204413327498906,0.5027106949236076,-0.1191607746425951,0.2984852196759753,-0.8978074992076793,-0.4716373378749902,-0.2237763138115345,3.0,0.201480357261906,NORMAL
NA1_5443720069,420,1472,1766355356657,,eodARsxRW0IKSrcQ1iLWQ1FeVMZ9xbFlSfoGupTEr_3oOb8niLV2Cf5qbo_o7rzzFCnI7iXhumNwTA,200,True,Ekko,JUNGLE,JUNGLE,10,1,6,38,128,10962,11598,27,16.0,166,24.533333333333335,6.766304347826087,25,46454,60123,94,0.64,0.1929045456813532,0.2359753734877513,1.1005434782608694,0.3098444832555934,0.8704901787111294,0.7668979734289874,1.599458055525702,0.7212629216626136,1.0,0.5060389926594263,NORMAL
NA1_5445848194,420,102,1766557083710,,eodARsxRW0IKSrcQ1iLWQ1FeVMZ9xbFlSfoGupTEr_3oOb8niLV2Cf5qbo_o7rzzFCnI7iXhumNwTA,200,True,Ekko,MIDDLE,NONE,0,0,0,0,0,506,0,0,0.0,0,1.7,0.0,0,2531,40,0,0.0,0.0,0.1999209798498617,0.0,-2.6143272374564988,-2.4681579748048157,-4.4727883432828035,-2.536800746200895,-3.027339085992009,5.0,0.5418577765668385,NORMAL
NA1_5442700198,420,350,1766254783434,,eodARsxRW0IKSrcQ1iLWQ1FeVMZ9xbFlSfoGupTEr_3oOb8niLV2Cf5qbo_o7rzzFCnI7iXhumNwTA,200,False,Sylas,MIDDLE,NONE,2,0,0,29,0,2082,2619,1,2.0,29,5.833333333333333,4.9714285714285715,2,8652,6225,5,1.0,0.4207228915662651,0.2406380027739251,0.1714285714285714,2.2187242989311073,3.4109588134668662,-0.6201244633153238,-1.8325626696474056,1.4615537658723758,1.0,0.5229222112455902,NORMAL
NA1_5450471259,420,1563,1767045094684,,eodARsxRW0IKSrcQ1iLWQ1FeVMZ9xbFlSfoGupTEr_3oOb8niLV2Cf5qbo_o7rzzFCnI7iXhumNwTA,200,True,Ekko,MIDDLE,TOP,14,1,5,197,1,14600,26422,16,19.0,198,26.05,7.600767754318618,33,53523,95129,123,0.5757575757575758,0.2777491616646869,0.272779926386787,0.6142034548944337,0.5763144875908212,0.9167880548061528,1.4175111886020848,-0.0136188980246061,0.8297623944466938,1.0,0.8098405280643611,NORMAL
NA1_5445004354,420,1887,1766469893077,,eodARsxRW0IKSrcQ1iLWQ1FeVMZ9xbFlSfoGupTEr_3oOb8niLV2Cf5qbo_o7rzzFCnI7iXhumNwTA,200,False,Lux,MIDDLE,MIDDLE,3,6,9,172,0,10784,27716,25,2.0,172,31.45,5.468998410174881,24,54419,97317,144,0.5,0.2848012166425188,0.1981660816994064,0.794912559618442,0.6573249242191123,0.4714004193310251,-0.2345271811746903,0.7287441238802025,0.3857264663703444,1.0,0.6832317137051773,UNLUCKY LOSS (high exp)
NA1_5452093615,420,2076,1767207194976,,eodARsxRW0IKSrcQ1iLWQ1FeVMZ9xbFlSfoGupTEr_3oOb8niLV2Cf5qbo_o7rzzFCnI7iXhumNwTA,100,False,Ekko,MIDDLE,MIDDLE,16,7,7,182,6,16808,46107,26,3.2857142857142856,188,34.6,5.433526011560693,28,61346,140570,123,0.8214285714285714,0.3280002845557374,0.2739868940110194,0.7514450867052023,1.1535739416453716,2.3611165298469228,-0.2620169111211506,0.550177335030681,1.1015993442527374,1.0,0.4373109357523889,NORMAL
NA1_5451375737,420,1921,1767134687101,,eodARsxRW0IKSrcQ1iLWQ1FeVMZ9xbFlSfoGupTEr_3oOb8niLV2Cf5qbo_o7rzzFCnI7iXhumNwTA,200,True,Ekko,MIDDLE,MIDDLE,11,5,12,182,0,15182,36065,15,4.6,182,32.016666666666666,5.684539302446643,38,62470,124896,142,0.6052631578947368,0.2887602485267743,0.2430286537538018,0.4685059864653826,0.7028042777659941,1.0902548180964653,-0.0674913687557346,-0.6121521767548677,0.494969882782617,2.0,0.2965317295819195,CLUTCH WIN (low exp)
NA1_5452283963,420,1772,1767223873981,,eodARsxRW0IKSrcQ1iLWQ1FeVMZ9xbFlSfoGupTEr_3oOb8niLV2Cf5qbo_o7rzzFCnI7iXhumNwTA,100,True,Ekko,JUNGLE,JUNGLE,14,2,4,68,140,16013,27425,32,9.0,208,29.533333333333335,7.042889390519187,31,63632,100538,165,0.5806451612903226,0.272782430523782,0.251650113150616,1.0835214446952597,1.4763769755091405,0.5602886159488051,0.9726639873857238,1.5361455899101226,1.081599082050284,1.0,0.586827334324016,NORMAL
NA1_5445511933,420,1622,1766536471143,,eodARsxRW0IKSrcQ1iLWQ1FeVMZ9xbFlSfoGupTEr_3oOb8niLV2Cf5qbo_o7rzzFCnI7iXhumNwTA,200,False,Galio,MIDDLE,MIDDLE,2,8,9,124,0,7792,14668,13,1.375,124,27.033333333333335,4.586929716399506,16,44107,78474,78,0.6875,0.1869154114738639,0.1766613009272904,0.4808877928483354,-0.4671376390127075,1.5737348171319656,-0.918096128677833,-0.5612870296051021,0.0229695363551736,4.0,0.3684561146604267,NORMAL
NA1_5451205829,420,1660,1767117980589,,eodARsxRW0IKSrcQ1iLWQ1FeVMZ9xbFlSfoGupTEr_3oOb8niLV2Cf5qbo_o7rzzFCnI7iXhumNwTA,100,True,Ekko,MIDDLE,MIDDLE,7,2,6,187,4,13456,25151,16,6.5,191,27.666666666666668,6.903614457831325,37,61682,111070,117,0.3513513513513513,0.2264427838300171,0.2181511624136701,0.5783132530120482,-0.0130672009053905,-0.4025223464931439,0.8772444854630629,-0.1610578373457506,0.0778751133663608,4.0,0.6375285164604128,NORMAL
NA1_5441661553,420,1646,1766131134125,,eodARsxRW0IKSrcQ1iLWQ1FeVMZ9xbFlSfoGupTEr_3oOb8niLV2Cf5qbo_o7rzzFCnI7iXhumNwTA,100,False,Irelia,MIDDLE,MIDDLE,1,6,5,181,0,9353,12549,9,1.0,181,27.433333333333337,6.597812879708384,12,47364,68281,113,0.5,0.1837846545891243,0.1974706528164851,0.3280680437424058,-0.5031021887796973,0.4714004193310251,0.6402601503682593,-1.1890790322619575,0.0064914940922825,3.0,0.611898440302927,NORMAL
NA1_5450583431,420,2257,1767054074371,,eodARsxRW0IKSrcQ1iLWQ1FeVMZ9xbFlSfoGupTEr_3oOb8niLV2Cf5qbo_o7rzzFCnI7iXhumNwTA,200,True,Ekko,MIDDLE,MIDDLE,6,4,12,265,1,15898,31933,28,4.5,266,37.61666666666667,7.071333628710677,39,76244,131413,201,0.4615384615384615,0.2429972681545965,0.2085147683752164,0.7443509082853345,0.1771023323024582,0.2452805428590372,1.0072203228588912,0.5210340567340603,0.4394784655517004,3.0,0.5267877355860716,NORMAL
NA1_5444145933,400,1754,1766381800790,,eodARsxRW0IKSrcQ1iLWQ1FeVMZ9xbFlSfoGupTEr_3oOb8niLV2Cf5qbo_o7rzzFCnI7iXhumNwTA,100,False,Ambessa,TOP,TOP,4,8,3,142,0,9321,16916,16,0.875,142,29.233333333333334,4.857468643101482,34,54013,92520,95,0.2058823529411764,0.1828361435365326,0.1725695665858219,0.5473204104903079,-0.6471213915788638,-0.917217495751588,-0.7136665722975934,0.2077107788757294,-0.6593033009649041,4.0,0.4086957816100099,NORMAL
NA1_5453815625,420,1384,1767382222736,,eodARsxRW0IKSrcQ1iLWQ1FeVMZ9xbFlSfoGupTEr_3oOb8niLV2Cf5qbo_o7rzzFCnI7iXhumNwTA,200,True,Ekko,MIDDLE,MIDDLE,9,1,3,169,0,11191,19580,18,12.0,169,23.066666666666663,7.326589595375722,35,50888,80622,115,0.3428571428571428,0.2428617498945697,0.2199143216475396,0.7803468208092487,0.1755455671538049,-0.4524607902545251,1.2050337740202766,0.6689072612318961,0.2938518810557329,3.0,0.7731851937679346,NORMAL
NA1_5450494106,420,1486,1767047028856,,eodARsxRW0IKSrcQ1iLWQ1FeVMZ9xbFlSfoGupTEr_3oOb8niLV2Cf5qbo_o7rzzFCnI7iXhumNwTA,200,False,Ekko,MIDDLE,MIDDLE,1,5,2,112,0,7075,10849,10,0.6,112,24.766666666666666,4.522207267833109,10,43247,48174,78,0.3,0.225204467139951,0.163595162670243,0.4037685060565276,-0.0272923559930493,-0.7044229383233113,-0.9682535102497778,-0.8780973357451666,-0.5507523172315218,4.0,0.2699692454330318,NORMAL
NA1_5446925907,420,1900,1766687138209,,eodARsxRW0IKSrcQ1iLWQ1FeVMZ9xbFlSfoGupTEr_3oOb8niLV2Cf5qbo_o7rzzFCnI7iXhumNwTA,200,True,Ekko,MIDDLE,MIDDLE,2,7,5,210,0,12221,16347,21,1.0,210,31.666666666666668,6.631578947368421,30,64733,124315,136,0.2333333333333333,0.1314966013755379,0.1887908794586995,0.6631578947368421,-1.1037608669368328,-1.0963640575414235,0.6664275401583901,0.1874886552033921,-0.5298697701303818,5.0,0.5189585546739733,NORMAL
NA1_5444969977,420,1995,1766467576671,,eodARsxRW0IKSrcQ1iLWQ1FeVMZ9xbFlSfoGupTEr_3oOb8niLV2Cf5qbo_o7rzzFCnI7iXhumNwTA,100,True,Ekko,MIDDLE,MIDDLE,6,7,5,181,8,12747,25255,47,1.5714285714285714,189,33.25,5.684210526315789,32,64875,122880,177,0.34375,0.2055257161458333,0.1964855491329479,1.413533834586466,-0.253351882662113,-0.4472115788364251,-0.0677461574760663,3.270074621871735,0.0872342902354898,3.0,0.5777111624653879,NORMAL
NA1_5452894425,420,2754,1767295952856,,eodARsxRW0IKSrcQ1iLWQ1FeVMZ9xbFlSfoGupTEr_3oOb8niLV2Cf5qbo_o7rzzFCnI7iXhumNwTA,100,False,Ekko,MIDDLE,MIDDLE,14,7,5,244,8,21002,43138,13,2.7142857142857144,252,45.9,5.490196078431373,36,80298,166087,180,0.5277777777777778,0.2597313456200666,0.2615507235547585,0.2832244008714597,0.3693349405720781,0.6347092190052386,-0.21809981232931,-1.3732992036016296,0.1278251214593083,2.0,0.6616913785106143,UNLUCKY LOSS (high exp)
NA1_5445307408,420,2016,1766517856903,,eodARsxRW0IKSrcQ1iLWQ1FeVMZ9xbFlSfoGupTEr_3oOb8niLV2Cf5qbo_o7rzzFCnI7iXhumNwTA,100,True,Galio,MIDDLE,MIDDLE,7,2,15,163,4,11954,19905,27,11.0,167,33.6,4.970238095238095,35,63236,102787,182,0.6285714285714286,0.1936528938484438,0.1890378898096021,0.8035714285714285,-0.3897408531600909,1.227286863537384,-0.6210470360835155,0.7643152376435856,0.152946525198663,4.0,0.4508237499267356,NORMAL
NA1_5452844383,420,1513,1767290797901,,eodARsxRW0IKSrcQ1iLWQ1FeVMZ9xbFlSfoGupTEr_3oOb8niLV2Cf5qbo_o7rzzFCnI7iXhumNwTA,200,True,Ekko,MIDDLE,MIDDLE,6,3,1,168,4,10987,15149,14,2.3333333333333335,172,25.216666666666665,6.82088565763384,24,49139,73611,75,0.2916666666666667,0.2057980464876173,0.2235902236512749,0.5551883674818242,-0.250223489595921,-0.7534155782255751,0.8131328813688885,-0.2560561492993104,-0.1359252894139538,4.0,0.1774251115068404,CLUTCH WIN (low exp)
NA1_5445491120,420,1206,1766534986021,,eodARsxRW0IKSrcQ1iLWQ1FeVMZ9xbFlSfoGupTEr_3oOb8niLV2Cf5qbo_o7rzzFCnI7iXhumNwTA,100,False,Galio,MIDDLE,MIDDLE,1,3,0,122,0,5843,7981,13,0.3333333333333333,122,20.1,6.069651741293532,8,30027,45722,82,0.125,0.1745549188574428,0.1945915342858094,0.6467661691542288,-0.6091287191935506,-1.7332683762708556,0.2309558002126894,0.1201505376451877,-0.6634215607813083,5.0,0.2649279555421286,NORMAL
NA1_5447082693,420,1296,1766703160830,,eodARsxRW0IKSrcQ1iLWQ1FeVMZ9xbFlSfoGupTEr_3oOb8niLV2Cf5qbo_o7rzzFCnI7iXhumNwTA,200,True,Ekko,MIDDLE,TOP,8,2,4,137,0,9762,16012,18,6.0,137,21.6,6.342592592592593,38,48259,70702,60,0.3157894736842105,0.2264716698254646,0.2022835118837937,0.8333333333333333,-0.0127353732167236,-0.6115947785084953,0.4424743494705131,0.8865787926007885,0.0113406524493052,3.0,0.934790816177417,NORMAL
NA1_5445856406,420,2356,1766557711658,,eodARsxRW0IKSrcQ1iLWQ1FeVMZ9xbFlSfoGupTEr_3oOb8niLV2Cf5qbo_o7rzzFCnI7iXhumNwTA,200,True,Ekko,MIDDLE,MIDDLE,7,11,13,226,0,19038,35822,38,1.818181818181818,226,39.266666666666666,5.755517826825128,43,90423,189056,154,0.4651162790697674,0.189478249830738,0.2105437775787133,0.967741935483871,-0.4376970497162903,0.2663149499727103,-0.0124857716326123,1.4387367827300928,0.0674527529559676,3.0,0.037589491135888,CLUTCH WIN (low exp)
NA1_5444591569,420,2444,1766443664802,,eodARsxRW0IKSrcQ1iLWQ1FeVMZ9xbFlSfoGupTEr_3oOb8niLV2Cf5qbo_o7rzzFCnI7iXhumNwTA,100,True,Lux,MIDDLE,MIDDLE,9,6,15,226,8,18294,48761,38,4.0,234,40.733333333333334,5.74468085106383,75,89871,223907,197,0.32,0.2177734505843944,0.2035584337550489,0.9328968903436988,-0.1126561113310397,-0.5868406025578775,-0.0208840065632285,1.2955914052563091,-0.0911436808484034,3.0,0.9318229448687008,NORMAL
NA1_5450330698,420,2090,1767031232924,,eodARsxRW0IKSrcQ1iLWQ1FeVMZ9xbFlSfoGupTEr_3oOb8niLV2Cf5qbo_o7rzzFCnI7iXhumNwTA,100,True,Ekko,MIDDLE,MIDDLE,3,7,4,271,0,13633,17697,30,1.0,271,34.833333333333336,7.779904306220095,27,68042,105215,170,0.2592592592592592,0.168198450791237,0.2003615414008994,0.8612440191387559,-0.6821486056062109,-0.9439425111788246,1.5563350524425787,1.0012374374410364,-0.0327272584610728,4.0,0.4393701082329012,NORMAL
NA1_5447062486,420,1553,1766701222571,,eodARsxRW0IKSrcQ1iLWQ1FeVMZ9xbFlSfoGupTEr_3oOb8niLV2Cf5qbo_o7rzzFCnI7iXhumNwTA,100,False,Ekko,MIDDLE,MIDDLE,7,6,1,197,0,12733,19673,15,1.3333333333333333,197,25.883333333333333,7.611075338055377,16,45417,75891,79,0.5,0.2592270493207363,0.2803575753572451,0.5795235028976176,0.3635418400464582,0.4714004193310251,1.4254991652936502,-0.1560860637116362,0.6094259547678169,1.0,0.2198888768778693,NORMAL
NA1_5445258829,420,177,1766511831024,,eodARsxRW0IKSrcQ1iLWQ1FeVMZ9xbFlSfoGupTEr_3oOb8niLV2Cf5qbo_o7rzzFCnI7iXhumNwTA,200,False,Ekko,UNKNOWN,NONE,0,0,0,2,0,699,103,0,0.0,2,2.95,0.6779661016949152,0,3923,1241,2,0.0,0.0829975825946817,0.1781799643130257,0.0,1.7320508075688772,0.0,1.7320508075688772,0.0,1.0392304845413265,1.0,0.4571609591630899,NORMAL
NA1_5446980948,420,986,1766693141510,,eodARsxRW0IKSrcQ1iLWQ1FeVMZ9xbFlSfoGupTEr_3oOb8niLV2Cf5qbo_o7rzzFCnI7iXhumNwTA,200,False,Ekko,MIDDLE,NONE,5,3,3,83,0,5811,12033,11,2.6666666666666665,83,16.433333333333334,5.0507099391480725,11,25423,36195,41,0.7272727272727273,0.3324492333195192,0.2285725524131691,0.6693711967545639,1.2046812122244883,1.8075633257564072,-0.5586844853736171,0.2130132443984292,0.8455376251019316,1.0,0.4743716671559297,NORMAL
NA1_5448255128,420,2314,1766812966778,,eodARsxRW0IKSrcQ1iLWQ1FeVMZ9xbFlSfoGupTEr_3oOb8niLV2Cf5qbo_o7rzzFCnI7iXhumNwTA,200,True,Lux,MIDDLE,MIDDLE,13,2,10,251,8,18040,59986,33,11.5,259,38.56666666666667,6.715643906655142,44,79000,176069,215,0.5227272727272727,0.3406959771453237,0.2283544303797468,0.8556611927398443,1.2994156293823476,0.6050167099735633,0.7315746156039132,0.9783028770457772,0.9170244248814468,2.0,0.838558089225938,NORMAL
NA1_5443981883,420,1856,1766372721582,,eodARsxRW0IKSrcQ1iLWQ1FeVMZ9xbFlSfoGupTEr_3oOb8niLV2Cf5qbo_o7rzzFCnI7iXhumNwTA,200,False,Ekko,JUNGLE,JUNGLE,8,6,6,35,166,14064,16558,27,2.3333333333333335,201,30.933333333333337,6.497844827586206,19,52768,90093,122,0.7368421052631579,0.183787863652004,0.266525166767738,0.8728448275862067,0.1767049311785847,1.3766085179549217,0.5671769586892557,0.7525461436211854,0.6918781353334137,2.0,0.7025413967564744,"UNLUCKY LOSS (high exp, high impact)"
NA1_5445405097,420,2589,1766527532694,,eodARsxRW0IKSrcQ1iLWQ1FeVMZ9xbFlSfoGupTEr_3oOb8niLV2Cf5qbo_o7rzzFCnI7iXhumNwTA,200,False,Heimerdinger,TOP,TOP,18,6,20,248,0,21905,92112,25,6.333333333333333,248,43.15,5.747392815758981,50,78486,212889,122,0.76,0.4326761833631611,0.2790943607777183,0.5793742757821553,2.122973994560771,2.1333356719092333,-0.1120982604434186,0.3575963463194845,1.3907766691901335,1.0,0.6186782159100503,NORMAL
NA1_5453800996,420,1431,1767380517579,,eodARsxRW0IKSrcQ1iLWQ1FeVMZ9xbFlSfoGupTEr_3oOb8niLV2Cf5qbo_o7rzzFCnI7iXhumNwTA,200,True,Ekko,MIDDLE,MIDDLE,6,6,9,133,0,9456,18230,23,2.5,133,23.85,5.576519916142558,30,46907,72963,109,0.5,0.2498526650494086,0.2015903809665934,0.9643605870020964,0.2558536604549935,0.4714004193310251,-0.1512021939180916,1.4248460156828142,0.3356529600473138,2.0,0.710610873807539,NORMAL
NA1_5445385447,420,1419,1766525786140,,eodARsxRW0IKSrcQ1iLWQ1FeVMZ9xbFlSfoGupTEr_3oOb8niLV2Cf5qbo_o7rzzFCnI7iXhumNwTA,100,False,Vayne,BOTTOM,MIDDLE,2,8,4,113,0,7599,11444,13,0.75,113,23.65,4.778012684989429,18,40496,70448,83,0.3333333333333333,0.162446059504883,0.1876481627815092,0.5496828752642706,-0.6632504329448314,-0.6100316586475297,-0.7836361290062585,0.1042184833097994,-0.6006343330455346,5.0,0.3683314386701561,NORMAL
NA1_5452618713,420,1930,1767250889112,,eodARsxRW0IKSrcQ1iLWQ1FeVMZ9xbFlSfoGupTEr_3oOb8niLV2Cf5qbo_o7rzzFCnI7iXhumNwTA,200,False,Heimerdinger,TOP,TOP,1,8,7,209,0,10618,26561,18,1.0,209,32.166666666666664,6.497409326424871,20,59207,90365,177,0.4,0.2939301720798982,0.1793369027310959,0.5595854922279793,0.5846309572808013,0.1514476266773624,0.3948956835874561,0.265062949019855,0.3752853388503387,2.0,0.6073619954987599,NORMAL
NA1_5444706892,420,2237,1766452318096,,eodARsxRW0IKSrcQ1iLWQ1FeVMZ9xbFlSfoGupTEr_3oOb8niLV2Cf5qbo_o7rzzFCnI7iXhumNwTA,200,False,Malzahar,MIDDLE,MIDDLE,3,4,9,257,0,13948,29716,27,3.0,257,37.28333333333333,6.89316048278945,27,65156,142549,162,0.4444444444444444,0.2084616517828957,0.2140708453557615,0.7241841752346894,-0.2196253407365836,0.1447828199825982,0.8691430612009541,0.4381879991859954,0.2276705419558132,3.0,0.5659138266703692,NORMAL
NA1_5443558815,420,1407,1766340852156,,eodARsxRW0IKSrcQ1iLWQ1FeVMZ9xbFlSfoGupTEr_3oOb8niLV2Cf5qbo_o7rzzFCnI7iXhumNwTA,200,False,Ekko,MIDDLE,MIDDLE,7,3,7,134,0,9577,21611,10,4.666666666666667,134,23.45,5.714285714285714,18,40771,65054,70,0.7777777777777778,0.3322009407569096,0.234897353511074,0.4264392324093817,1.2018289529934143,2.104488416073159,-0.0444390559638612,-0.7849647348738071,0.9623804208912964,1.0,0.1947060858330123,NORMAL
NA1_5446615103,420,2305,1766640725048,,eodARsxRW0IKSrcQ1iLWQ1FeVMZ9xbFlSfoGupTEr_3oOb8niLV2Cf5qbo_o7rzzFCnI7iXhumNwTA,100,True,Ekko,MIDDLE,MIDDLE,7,6,7,254,4,15445,30532,30,2.3333333333333335,258,38.416666666666664,6.715835140997831,46,78594,151177,187,0.3043478260869565,0.2019619386546895,0.1965162735068834,0.7809110629067245,-0.2942907538863407,-0.6788615609829998,0.7317228147853161,0.6712251990536113,-0.056607008553429,3.0,0.6337366079669022,NORMAL
NA1_5452831432,420,1401,1767289061216,,eodARsxRW0IKSrcQ1iLWQ1FeVMZ9xbFlSfoGupTEr_3oOb8niLV2Cf5qbo_o7rzzFCnI7iXhumNwTA,200,False,Ekko,MIDDLE,MIDDLE,2,6,2,148,0,8144,15652,11,0.6666666666666666,148,23.35,6.338329764453961,13,39201,66322,70,0.3076923076923077,0.2360001206236241,0.2077498023009617,0.4710920770877944,0.0967226446201433,-0.6591989630289136,0.4391708233793207,-0.601528373088166,-0.1142668947556103,4.0,0.3394815237335365,NORMAL
NA1_5447750091,420,1595,1766776655093,,eodARsxRW0IKSrcQ1iLWQ1FeVMZ9xbFlSfoGupTEr_3oOb8niLV2Cf5qbo_o7rzzFCnI7iXhumNwTA,100,False,Ekko,MIDDLE,TOP,1,6,6,121,0,7547,21490,18,1.1666666666666667,121,26.583333333333332,4.551724137931035,19,43661,114651,129,0.3684210526315789,0.1874384000139554,0.1728544925677378,0.677115987460815,-0.4611298114904338,-0.3021675791257752,-0.9453790833839218,0.244829274041727,-0.4639075512011922,4.0,0.3908989773441044,NORMAL
NA1_5451659784,420,1815,1767153279822,,eodARsxRW0IKSrcQ1iLWQ1FeVMZ9xbFlSfoGupTEr_3oOb8niLV2Cf5qbo_o7rzzFCnI7iXhumNwTA,100,True,Ekko,MIDDLE,MIDDLE,6,3,7,170,0,13573,24664,21,4.333333333333333,170,30.25,5.619834710743802,26,59111,96850,161,0.5,0.2546618482188952,0.2296188526670163,0.6942148760330579,0.3110991214745441,0.4714004193310251,-0.1176349119526042,0.3150724563710863,0.2524033359643555,3.0,0.6456862494953264,NORMAL
NA1_5445286612,420,1732,1766515564701,,eodARsxRW0IKSrcQ1iLWQ1FeVMZ9xbFlSfoGupTEr_3oOb8niLV2Cf5qbo_o7rzzFCnI7iXhumNwTA,200,True,Galio,MIDDLE,MIDDLE,3,2,9,207,0,10689,12118,31,6.0,207,28.866666666666667,7.170900692840647,28,58845,76608,148,0.4285714285714285,0.1581819131161236,0.1816466989548814,1.073903002309469,-0.7972135183324213,0.0514635058830474,1.0843809269179592,1.8748523315158248,0.1949947852296391,3.0,0.7987933044560841,NORMAL
NA1_5444020417,420,165,1766374895516,,eodARsxRW0IKSrcQ1iLWQ1FeVMZ9xbFlSfoGupTEr_3oOb8niLV2Cf5qbo_o7rzzFCnI7iXhumNwTA,200,False,Kayn,JUNGLE,NONE,0,0,0,0,10,843,0,1,0.0,10,2.75,3.636363636363636,0,3769,850,1,0.0,0.0,0.2236667551074555,0.3636363636363636,-2.507323508668726,-2.474291889334804,-1.5616278855530683,-1.1414251754179567,-2.124400283764558,5.0,0.523347701137642,NORMAL
NA1_5445779568,420,1740,1766553035506,,eodARsxRW0IKSrcQ1iLWQ1FeVMZ9xbFlSfoGupTEr_3oOb8niLV2Cf5qbo_o7rzzFCnI7iXhumNwTA,200,True,Lux,MIDDLE,MIDDLE,6,5,5,221,0,12838,31874,17,2.2,221,29.0,7.620689655172414,27,58137,136858,118,0.4074074074074074,0.2328983325782928,0.2208232278927361,0.5862068965517241,0.0610908742112919,-0.0729622462496862,1.4329498873054756,-0.1286303120093658,0.3448675727244786,2.0,0.7558158203744014,NORMAL
NA1_5451733648,420,1738,1767157399438,,eodARsxRW0IKSrcQ1iLWQ1FeVMZ9xbFlSfoGupTEr_3oOb8niLV2Cf5qbo_o7rzzFCnI7iXhumNwTA,200,False,Ekko,MIDDLE,MIDDLE,2,6,3,172,0,9325,15708,22,0.8333333333333334,172,28.966666666666665,5.937859608745685,12,46326,68144,120,0.4166666666666667,0.2305118572434843,0.2012908517894918,0.759493670886076,0.0336762540072219,-0.0185259796916148,0.128822020870252,0.5832413651120323,0.0967585367238094,4.0,0.3544089783090953,NORMAL
NA1_5447788259,420,1914,1766780475261,,eodARsxRW0IKSrcQ1iLWQ1FeVMZ9xbFlSfoGupTEr_3oOb8niLV2Cf5qbo_o7rzzFCnI7iXhumNwTA,100,True,Ekko,MIDDLE,MIDDLE,15,2,5,246,0,16876,26532,26,10.0,246,31.9,7.711598746081505,31,64293,100942,142,0.6451612903225806,0.2628440094311585,0.2624858071640769,0.8150470219435737,0.405091646270813,1.3248205982736885,1.503400898694641,0.8114576114985577,0.996224241500407,2.0,0.6382497120704735,NORMAL
NA1_5443742973,420,1631,1766357226356,,eodARsxRW0IKSrcQ1iLWQ1FeVMZ9xbFlSfoGupTEr_3oOb8niLV2Cf5qbo_o7rzzFCnI7iXhumNwTA,200,False,Rengar,JUNGLE,JUNGLE,1,6,4,29,106,7654,9513,15,0.8333333333333334,135,27.183333333333337,4.9662783568362965,15,43144,68426,97,0.3333333333333333,0.1390261011896063,0.1774058965325421,0.551808706315144,-0.4769935289887836,-0.7322178955608805,-0.5722350815550195,-0.4415290713635673,-0.57382478133945,4.0,0.6528605311210589,"THROW? (high exp, low impact)"
NA1_5445815621,420,1314,1766555192233,,eodARsxRW0IKSrcQ1iLWQ1FeVMZ9xbFlSfoGupTEr_3oOb8niLV2Cf5qbo_o7rzzFCnI7iXhumNwTA,100,True,Ekko,MIDDLE,MIDDLE,9,5,4,133,0,9789,16366,8,2.6,133,21.9,6.073059360730594,23,41543,61177,81,0.5652173913043478,0.2675188387792798,0.2356353657655922,0.365296803652968,0.4587937186234151,0.8548210794356998,0.2335965728061636,-1.0361412223426227,0.3718091463161838,2.0,0.2382912259852608,CLUTCH WIN (low exp)
NA1_5443620484,420,1558,1766347218560,,eodARsxRW0IKSrcQ1iLWQ1FeVMZ9xbFlSfoGupTEr_3oOb8niLV2Cf5qbo_o7rzzFCnI7iXhumNwTA,200,True,Amumu,JUNGLE,JUNGLE,3,1,9,26,152,10485,11575,27,12.0,178,25.966666666666665,6.854942233632863,27,54733,97051,130,0.4444444444444444,0.1192671894158741,0.1915663310982405,1.0397946084724006,-0.765551652943846,-0.1515265643029059,0.8328403117073819,1.3735061611857515,0.0321596462242028,5.0,0.7530963819304163,NORMAL
NA1_5446577474,420,1809,1766638454378,,eodARsxRW0IKSrcQ1iLWQ1FeVMZ9xbFlSfoGupTEr_3oOb8niLV2Cf5qbo_o7rzzFCnI7iXhumNwTA,200,False,Lux,MIDDLE,MIDDLE,4,8,11,150,0,9270,24734,13,1.875,150,30.15,4.975124378109453,28,53305,105839,110,0.5357142857142857,0.2336945738338419,0.1739048869712034,0.4311774461028193,0.0702376905614565,0.6813688760550137,-0.6172603568110874,-0.7654998903035062,-0.0018712237201085,3.0,0.3212037206673414,NORMAL
NA1_5442752976,420,1664,1766260078861,,eodARsxRW0IKSrcQ1iLWQ1FeVMZ9xbFlSfoGupTEr_3oOb8niLV2Cf5qbo_o7rzzFCnI7iXhumNwTA,200,False,Sylas,MIDDLE,MIDDLE,2,5,5,147,0,7899,13019,19,1.4,147,27.733333333333334,5.300480769230769,19,46692,72858,117,0.3684210526315789,0.1786900546268083,0.1691724492418401,0.6850961538461539,-0.5616263733884483,-0.3021675791257752,-0.3651218018304074,0.2776122400254893,-0.3507387308787424,5.0,0.3671844413651825,NORMAL
NA1_5445038721,420,1982,1766472252045,,eodARsxRW0IKSrcQ1iLWQ1FeVMZ9xbFlSfoGupTEr_3oOb8niLV2Cf5qbo_o7rzzFCnI7iXhumNwTA,200,True,Lux,MIDDLE,MIDDLE,5,5,14,182,5,12105,32598,19,3.8,187,33.03333333333333,5.660948536831484,51,73522,145408,185,0.3725490196078431,0.224182988556338,0.1646445961752944,0.5751765893037336,-0.0390265847143315,-0.2778987791741894,-0.0857732950230944,-0.1739434257767256,-0.135866604735719,4.0,0.7695550252304074,NORMAL
NA1_5452330583,420,1968,1767227994475,,eodARsxRW0IKSrcQ1iLWQ1FeVMZ9xbFlSfoGupTEr_3oOb8niLV2Cf5qbo_o7rzzFCnI7iXhumNwTA,100,False,Ekko,JUNGLE,JUNGLE,3,10,7,40,114,11030,16482,30,1.0,154,32.8,4.695121951219512,19,57638,74363,144,0.5263157894736842,0.221642483493135,0.1913668066206322,0.9146341463414634,0.7295318383218413,0.2763512587292858,-0.7739624497428637,0.9079790886093834,0.2355488174566526,3.0,0.2135204149794664,NORMAL
NA1_5453835414,420,1607,1767384118642,,eodARsxRW0IKSrcQ1iLWQ1FeVMZ9xbFlSfoGupTEr_3oOb8niLV2Cf5qbo_o7rzzFCnI7iXhumNwTA,100,True,Malzahar,MIDDLE,MIDDLE,2,4,3,173,0,8681,14996,18,1.25,173,26.783333333333335,6.459240821406347,24,50779,101172,110,0.2083333333333333,0.1482228284505594,0.170956497764824,0.6720597386434349,-0.9116184399774756,-1.2433419772482155,0.5328721921340341,0.2240579235483159,-0.5364452067782409,5.0,0.4849214145551251,NORMAL
NA1_5447766614,420,1563,1766778595689,,eodARsxRW0IKSrcQ1iLWQ1FeVMZ9xbFlSfoGupTEr_3oOb8niLV2Cf5qbo_o7rzzFCnI7iXhumNwTA,200,False,Ekko,MIDDLE,MIDDLE,7,7,4,167,0,11160,18856,13,1.5714285714285714,167,26.05,6.410748560460652,25,52394,86351,86,0.44,0.2183645817651214,0.2130014887200824,0.4990403071017274,-0.1058654956586112,0.1186534120347242,0.4952925750241475,-0.4867154945576602,0.0736946944301742,3.0,0.4593055134489706,NORMAL
NA1_5442708175,420,2335,1766255594592,,eodARsxRW0IKSrcQ1iLWQ1FeVMZ9xbFlSfoGupTEr_3oOb8niLV2Cf5qbo_o7rzzFCnI7iXhumNwTA,200,False,Sylas,MIDDLE,MIDDLE,10,7,5,179,4,14604,26929,29,2.142857142857143,183,38.916666666666664,4.702355460385439,32,70645,162798,179,0.46875,0.1654135800194105,0.2067237596432868,0.7451820128479658,-0.7141397908547964,0.2876780196975351,-0.8286456642321195,0.5244482803592406,-0.318362108912024,5.0,0.4091649506484627,NORMAL
NA1_5447102299,420,2361,1766704789454,,eodARsxRW0IKSrcQ1iLWQ1FeVMZ9xbFlSfoGupTEr_3oOb8niLV2Cf5qbo_o7rzzFCnI7iXhumNwTA,200,False,Ekko,MIDDLE,MIDDLE,13,6,15,237,0,19885,49410,46,4.666666666666667,237,39.35,6.022871664548919,38,77010,171747,215,0.7368421052631579,0.2876906146832259,0.2582132190624594,1.1689961880559083,0.6905168658030071,1.863822816553265,0.1947030592979616,2.265500411152419,1.0760535539367644,1.0,0.4233818337069892,NORMAL
NA1_5441643118,420,1844,1766128981262,,eodARsxRW0IKSrcQ1iLWQ1FeVMZ9xbFlSfoGupTEr_3oOb8niLV2Cf5qbo_o7rzzFCnI7iXhumNwTA,200,False,Rengar,JUNGLE,JUNGLE,4,9,13,30,144,12381,21252,15,1.8888888888888888,174,30.733333333333334,5.6616052060737525,35,59390,102453,131,0.4857142857142857,0.2074317003894468,0.2084694392995453,0.4880694143167028,0.5219982980494454,0.0641587873071989,-0.0549452354679916,-0.6786036675014658,0.120350364892321,3.0,0.5467356543410341,NORMAL
NA1_5447013181,420,2605,1766696453393,,eodARsxRW0IKSrcQ1iLWQ1FeVMZ9xbFlSfoGupTEr_3oOb8niLV2Cf5qbo_o7rzzFCnI7iXhumNwTA,200,True,Ekko,MIDDLE,MIDDLE,3,9,6,232,0,15376,33054,32,1.0,232,43.416666666666664,5.343570057581574,39,90239,255654,171,0.2307692307692307,0.1292919336290455,0.1703919591307527,0.7370441458733206,-1.1290869736284412,-1.1114387159728896,-0.3317292784425182,0.491017471610652,-0.7624426280113855,5.0,0.3656357832962205,NORMAL
NA1_5452609696,420,449,1767250056197,,eodARsxRW0IKSrcQ1iLWQ1FeVMZ9xbFlSfoGupTEr_3oOb8niLV2Cf5qbo_o7rzzFCnI7iXhumNwTA,200,False,Heimerdinger,TOP,NONE,0,1,0,50,0,2361,3348,1,0.0,50,7.483333333333333,6.6815144766147,1,10591,10577,10,0.0,0.3165358797390564,0.2229251251062222,0.1336302895322939,0.8352711930512944,-2.0506502013580494,0.519346538846985,-1.7267260811131435,-0.3656861162390299,3.0,0.2035306287104437,NORMAL
NA1_5444635382,420,1678,1766447248852,,eodARsxRW0IKSrcQ1iLWQ1FeVMZ9xbFlSfoGupTEr_3oOb8niLV2Cf5qbo_o7rzzFCnI7iXhumNwTA,100,True,Ekko,MIDDLE,MIDDLE,13,1,6,161,8,12789,30065,23,19.0,169,27.966666666666665,6.042908224076282,28,53258,100493,105,0.6785714285714286,0.299175066920084,0.2401329377746066,0.8224076281287247,0.8224444377049867,1.5212427029509683,0.2102306140160424,0.8416953898274653,0.880955556568793,1.0,0.4951561154300227,NORMAL
NA1_5444521480,420,1840,1766437242008,,eodARsxRW0IKSrcQ1iLWQ1FeVMZ9xbFlSfoGupTEr_3oOb8niLV2Cf5qbo_o7rzzFCnI7iXhumNwTA,100,False,Ekko,JUNGLE,JUNGLE,8,8,5,44,102,11337,16494,21,1.625,146,30.666666666666668,4.760869565217391,38,59679,115739,102,0.3421052631578947,0.1425103033549624,0.1899663198109888,0.6847826086956521,-0.426110421061154,-0.6863738430931458,-0.7250493764696969,0.0530596386037517,-0.5310071805563966,5.0,0.4567839073855188,NORMAL
NA1_5444492183,420,2616,1766434240379,,eodARsxRW0IKSrcQ1iLWQ1FeVMZ9xbFlSfoGupTEr_3oOb8niLV2Cf5qbo_o7rzzFCnI7iXhumNwTA,200,False,Ekko,JUNGLE,JUNGLE,7,8,19,60,140,15400,34327,38,3.25,200,43.6,4.587155963302752,44,80603,163982,205,0.5909090909090909,0.2093339512873364,0.1910598861084575,0.8715596330275229,0.5497786716182258,0.6139301905371517,-0.8542839695192729,0.747765937073456,0.2378071935550519,2.0,0.413271925875272,NORMAL
NA1_5447134197,420,1791,1766707604065,,eodARsxRW0IKSrcQ1iLWQ1FeVMZ9xbFlSfoGupTEr_3oOb8niLV2Cf5qbo_o7rzzFCnI7iXhumNwTA,200,True,Ekko,MIDDLE,MIDDLE,6,3,7,183,8,12053,33078,22,4.333333333333333,191,29.85,6.398659966499162,33,59380,127351,137,0.3939393939393939,0.2597388320468626,0.2029808016167059,0.7370184254606365,0.3694209408522,-0.1521422703341532,0.4859243846446883,0.4909118107292372,0.2542269254321198,3.0,0.5216281547051823,NORMAL
NA1_5445746542,420,1512,1766551150465,,eodARsxRW0IKSrcQ1iLWQ1FeVMZ9xbFlSfoGupTEr_3oOb8niLV2Cf5qbo_o7rzzFCnI7iXhumNwTA,200,True,Ekko,MIDDLE,MIDDLE,5,0,13,172,0,10753,18233,19,18.0,172,25.2,6.825396825396826,40,54934,91211,86,0.45,0.1998991349727554,0.1957439836895183,0.753968253968254,-0.31798719804017,0.1774445799174411,0.8166288610148225,0.5605426460482474,0.2021493345197032,3.0,0.8374938771217443,NORMAL
NA1_5445335478,420,2506,1766520920725,,eodARsxRW0IKSrcQ1iLWQ1FeVMZ9xbFlSfoGupTEr_3oOb8niLV2Cf5qbo_o7rzzFCnI7iXhumNwTA,100,False,Ekko,MIDDLE,MIDDLE,5,6,8,258,0,15327,30872,31,2.1666666666666665,258,41.766666666666666,6.177174780526736,29,76741,137985,171,0.4482758620689655,0.2237344638910026,0.1997237461070353,0.7422186751795691,-0.0441790089497634,0.1673081716618003,0.3142819756904663,0.512274724910581,0.1645277647797975,3.0,0.9103529516022708,UNLUCKY LOSS (high exp)
NA1_5451608996,420,2240,1767150601417,,eodARsxRW0IKSrcQ1iLWQ1FeVMZ9xbFlSfoGupTEr_3oOb8niLV2Cf5qbo_o7rzzFCnI7iXhumNwTA,100,True,Ekko,MIDDLE,MIDDLE,12,4,7,247,4,16673,42738,38,4.75,251,37.333333333333336,6.723214285714286,42,74047,168733,187,0.4523809523809524,0.253287738616631,0.2251677988304725,1.0178571428571428,0.2953140461731638,0.1914424770323737,0.7374413650783894,1.644612833335447,0.5096142838734615,2.0,0.7231520061219873,NORMAL
NA1_5452307248,420,1604,1767226021433,,eodARsxRW0IKSrcQ1iLWQ1FeVMZ9xbFlSfoGupTEr_3oOb8niLV2Cf5qbo_o7rzzFCnI7iXhumNwTA,100,True,Ekko,JUNGLE,JUNGLE,9,3,8,25,146,12353,20819,29,5.666666666666667,171,26.733333333333334,6.396508728179551,33,54480,98753,134,0.5151515151515151,0.2108189118305266,0.2267437591776799,1.084788029925187,0.5714649584642405,0.2180042828612597,0.49178775816778,1.5408565801399263,0.5424466178767997,1.0,0.7294359100573832,NORMAL
NA1_5450317106,420,1845,1767029126407,,eodARsxRW0IKSrcQ1iLWQ1FeVMZ9xbFlSfoGupTEr_3oOb8niLV2Cf5qbo_o7rzzFCnI7iXhumNwTA,200,False,Heimerdinger,TOP,TOP,4,7,9,159,0,11185,23726,14,1.8571428571428572,159,30.75,5.170731707317073,30,53856,103013,106,0.4333333333333333,0.2303204449923796,0.2076834521687462,0.4552845528455284,-0.1206403500765403,0.3349557790136464,-0.5019079320713247,-0.2226537535343144,-0.0894797471939578,4.0,0.6513581744470487,UNLUCKY LOSS (high exp)
NA1_5446905377,420,1710,1766684802817,,eodARsxRW0IKSrcQ1iLWQ1FeVMZ9xbFlSfoGupTEr_3oOb8niLV2Cf5qbo_o7rzzFCnI7iXhumNwTA,100,True,Ekko,MIDDLE,MIDDLE,15,3,7,144,0,13433,26120,23,7.333333333333333,144,28.5,5.052631578947368,54,68758,130246,102,0.4074074074074074,0.2005435867512246,0.1953663573693242,0.8070175438596491,-0.3105840623408906,-0.0729622462496862,-0.5571952892323707,0.7784720703228407,-0.1920447109700261,4.0,0.7584824078478707,NORMAL
NA1_5443595699,420,1916,1766344979282,,eodARsxRW0IKSrcQ1iLWQ1FeVMZ9xbFlSfoGupTEr_3oOb8niLV2Cf5qbo_o7rzzFCnI7iXhumNwTA,100,True,Amumu,JUNGLE,JUNGLE,7,3,14,21,152,12569,17565,22,7.0,173,31.933333333333337,5.417536534446764,36,64020,111013,177,0.5833333333333334,0.1582247124210678,0.1963292721024679,0.6889352818371607,-0.1966180051272935,0.5743375997695626,-0.2365206279888604,0.0685052652658728,0.0512053476656882,4.0,0.4096807847443183,NORMAL
NA1_5452780775,420,1600,1767279885190,,eodARsxRW0IKSrcQ1iLWQ1FeVMZ9xbFlSfoGupTEr_3oOb8niLV2Cf5qbo_o7rzzFCnI7iXhumNwTA,100,True,Ekko,MIDDLE,MIDDLE,9,1,4,141,10,12485,24204,18,13.0,151,26.666666666666668,5.6625,39,58089,91976,88,0.3333333333333333,0.2631556058102113,0.2149288161269775,0.6749999999999999,0.4086711076899614,-0.5084523787142552,-0.0845709713801895,0.2361366802284686,-0.0070299007449905,2.0,0.6871241651321154,NORMAL
NA1_5443643292,420,1903,1766349214810,,eodARsxRW0IKSrcQ1iLWQ1FeVMZ9xbFlSfoGupTEr_3oOb8niLV2Cf5qbo_o7rzzFCnI7iXhumNwTA,100,True,Ekko,JUNGLE,JUNGLE,3,4,15,31,156,12380,19026,29,4.5,187,31.716666666666665,5.895953757225434,30,61764,120006,177,0.6,0.1585420728963552,0.2004403859853636,0.9143457698370994,-0.1919832891867042,0.6614412994582584,0.1193988533427831,0.9069064889433964,0.2517786008521664,5.0,0.2676703376548265,CLUTCH WIN (low exp)
NA1_5447730419,420,1635,1766774610676,,eodARsxRW0IKSrcQ1iLWQ1FeVMZ9xbFlSfoGupTEr_3oOb8niLV2Cf5qbo_o7rzzFCnI7iXhumNwTA,200,True,Ekko,MIDDLE,MIDDLE,4,4,4,159,0,11242,18729,23,2.0,159,27.25,5.834862385321101,37,59058,96195,100,0.2162162162162162,0.1946982691408077,0.1903552439974262,0.8440366972477065,-0.3777321111492815,-1.1969975881514792,0.0490031767043362,0.9305488050257648,-0.3859998406690317,3.0,0.6497474733317483,NORMAL
NA1_5453773386,420,2191,1767377487618,,eodARsxRW0IKSrcQ1iLWQ1FeVMZ9xbFlSfoGupTEr_3oOb8niLV2Cf5qbo_o7rzzFCnI7iXhumNwTA,200,True,Ekko,MIDDLE,MIDDLE,13,10,8,193,10,16288,38286,30,2.1,203,36.516666666666666,5.559105431309904,50,82683,148388,194,0.42,0.2580127773135294,0.1969933359940979,0.8215426745778184,0.3495928980999525,0.0010710762692905,-0.1646977426801905,0.8381421126816414,0.165318612813887,2.0,0.1208875264086346,CLUTCH WIN (low exp)
NA1_5452862200,420,2238,1767292661274,,eodARsxRW0IKSrcQ1iLWQ1FeVMZ9xbFlSfoGupTEr_3oOb8niLV2Cf5qbo_o7rzzFCnI7iXhumNwTA,100,True,Ekko,MIDDLE,MIDDLE,19,6,12,241,0,21673,48217,35,5.166666666666667,241,37.3,6.461126005361931,43,77908,140330,200,0.7209302325581395,0.3435972350887194,0.2781870924680392,0.9383378016085792,1.3327438115228172,1.77027505860035,0.5343331364136147,1.3179429704122614,1.2629204327577206,1.0,0.3066859285308271,"CLUTCH WIN (low exp, high impact)"
NA1_5443935037,420,1955,1766370095909,,eodARsxRW0IKSrcQ1iLWQ1FeVMZ9xbFlSfoGupTEr_3oOb8niLV2Cf5qbo_o7rzzFCnI7iXhumNwTA,200,True,Ekko,JUNGLE,JUNGLE,11,4,14,28,166,16055,33587,33,6.25,194,32.583333333333336,5.953964194373401,36,66377,141714,153,0.6944444444444444,0.2370055181562866,0.2418759510071259,1.012787723785166,0.9538928006775256,1.1550289310275368,0.1625558379128773,1.273055621504113,0.8483156811740256,1.0,0.5514026748732156,NORMAL
NA1_5452118454,420,2375,1767209630826,,eodARsxRW0IKSrcQ1iLWQ1FeVMZ9xbFlSfoGupTEr_3oOb8niLV2Cf5qbo_o7rzzFCnI7iXhumNwTA,200,False,Ekko,MIDDLE,MIDDLE,21,3,6,245,0,17896,54389,46,9.0,245,39.583333333333336,6.189473684210526,53,78549,168559,190,0.5094339622641509,0.3226704002752745,0.2278323084953341,1.1621052631578948,1.0923469299309352,0.5268637852581165,0.3238131479289768,2.2371921095932845,0.845053058994835,1.0,0.6549774683101084,"UNLUCKY LOSS (high exp, high impact)"
NA1_5443847636,420,1953,1766364956340,,eodARsxRW0IKSrcQ1iLWQ1FeVMZ9xbFlSfoGupTEr_3oOb8niLV2Cf5qbo_o7rzzFCnI7iXhumNwTA,200,False,Kayn,JUNGLE,JUNGLE,6,9,4,28,104,10963,21633,31,1.1111111111111112,132,32.55,4.055299539170507,20,53104,135876,164,0.5,0.1592113397509494,0.2064439590238023,0.9523809523809524,-0.1822093507128381,0.1388191013260814,-1.2499596551072611,1.0483761422435265,-0.2297798419041315,4.0,0.3865449892975268,NORMAL
NA1_5444559906,420,2578,1766440585804,,eodARsxRW0IKSrcQ1iLWQ1FeVMZ9xbFlSfoGupTEr_3oOb8niLV2Cf5qbo_o7rzzFCnI7iXhumNwTA,200,True,Lux,MIDDLE,MIDDLE,4,7,22,243,4,16424,39567,30,3.7142857142857144,247,42.96666666666667,5.748642358417378,50,96414,220222,183,0.52,0.1796686979502502,0.1703487045449831,0.6982156710628393,-0.5503842144454723,0.5889827550964589,-0.0178139923667148,0.3315079441837583,0.0127576477997195,3.0,0.4341846347983178,NORMAL
NA1_5444035782,420,2155,1766375522705,,eodARsxRW0IKSrcQ1iLWQ1FeVMZ9xbFlSfoGupTEr_3oOb8niLV2Cf5qbo_o7rzzFCnI7iXhumNwTA,100,False,Amumu,JUNGLE,JUNGLE,7,6,11,33,152,13645,20779,34,3.0,185,35.916666666666664,5.150812064965198,32,69246,135212,195,0.5625,0.1536771884152294,0.1970510932039395,0.9466357308584687,-0.2630298101291173,0.4654579751586921,-0.4349508481322008,1.0270071243354062,0.0415399594029069,3.0,0.6421839389196751,NORMAL
NA1_5446993675,420,1482,1766694694369,,eodARsxRW0IKSrcQ1iLWQ1FeVMZ9xbFlSfoGupTEr_3oOb8niLV2Cf5qbo_o7rzzFCnI7iXhumNwTA,200,False,Ekko,MIDDLE,MIDDLE,10,5,3,160,0,11676,17747,17,2.6,160,24.7,6.477732793522267,19,43222,58412,81,0.6842105263157895,0.3038245565979593,0.2701402063763824,0.688259109311741,0.8758554207570803,1.5543956171705455,0.5472027516536491,0.2906058364531275,0.9387293539748668,1.0,0.2412920602678004,NORMAL
NA1_5447352923,420,2179,1766722921300,,eodARsxRW0IKSrcQ1iLWQ1FeVMZ9xbFlSfoGupTEr_3oOb8niLV2Cf5qbo_o7rzzFCnI7iXhumNwTA,200,True,Ekko,MIDDLE,MIDDLE,9,6,11,226,0,15952,45987,34,3.3333333333333335,226,36.31666666666667,6.2230380908673695,45,72094,173496,199,0.4444444444444444,0.2650608659565638,0.2212666796127278,0.9362092703074804,0.4305577714825275,0.1447828199825982,0.3498242582811471,1.3091988458076047,0.4125060151647113,1.0,0.5270285996835852,NORMAL
